<?xml version="1.0" encoding="UTF-8"?>
<project xmlns="http://maven.apache.org/POM/4.0.0" xmlns:xsi="http://www.w3.org/2001/XMLSchema-instance" xsi:schemaLocation="http://maven.apache.org/POM/4.0.0 http://maven.apache.org/maven-v4_0_0.xsd">
  <modelVersion>4.0.0</modelVersion>
  <groupId>com.sehyunict.smartgeokit</groupId>
  <artifactId>batch</artifactId>
  <name>SGKJobLauncher</name>
  <version>0.0.1-SNAPSHOT</version>
  <url>http://www.sehyunict.com</url>
  <build>
    <finalName>SGKJobLauncher</finalName>
    <plugins>
      <plugin>
        <artifactId>maven-compiler-plugin</artifactId>
        <version>3.2</version>
        <configuration>
          <source>9</source>
          <target>9</target>
        </configuration>
      </plugin>
      <plugin>
        <artifactId>maven-shade-plugin</artifactId>
        <executions>
          <execution>
            <phase>package</phase>
            <goals>
              <goal>shade</goal>
            </goals>
          </execution>
        </executions>
        <configuration>
          <transformers>
            <transformer>
              <mainClass>com.sehyunict.smartgeokit.batch.SGKJobLauncherRun</mainClass>
            </transformer>
            <transformer>
              <resource>META-INF/spring.handlers</resource>
            </transformer>
            <transformer>
              <resource>META-INF/spring.schemas</resource>
            </transformer>
          </transformers>
          <filters>
            <filter>
              <artifact>*:*</artifact>
              <excludes>
                <exclude>META-INF/*.SF</exclude>
                <exclude>META-INF/*.DSA</exclude>
                <exclude>META-INF/*.RSA</exclude>
              </excludes>
            </filter>
          </filters>
        </configuration>
      </plugin>
    </plugins>
  </build>
  <dependencies>
    <dependency>
      <groupId>org.springframework</groupId>
      <artifactId>spring-test</artifactId>
      <version>3.2.3.RELEASE</version>
      <scope>test</scope>
    </dependency>
    <dependency>
      <groupId>ojdbc</groupId>
      <artifactId>ojdbc</artifactId>
      <version>14</version>
      <scope>system</scope>
      <systemPath>${project.basedir}/src/main/lib/ojdbc14-10.2.0.4.0.jar</systemPath>
    </dependency>
  </dependencies>
  <properties>
    <org.slf4j-version>1.6.6</org.slf4j-version>
    <org.springframework-version>3.1.1.RELEASE</org.springframework-version>
    <jar.name>SGKJobLauncher</jar.name>
    <project.build.sourceEncoding>UTF-8</project.build.sourceEncoding>
    <org.aspectj-version>1.7.4</org.aspectj-version>
  </properties>
</project>

