<?xml version="1.0" encoding="UTF-8"?>
<!DOCTYPE sqlMap PUBLIC "-//iBATIS.com//DTD SQL Map 2.0//EN" "http://www.ibatis.com/dtd/sql-map-2.dtd">
<sqlMap namespace="cad">

	<typeAlias alias="SGKJobParseVo" type="com.sehyunict.smartgeokit.batch.sgk.vo.SGKJobParseVo"/>
	<typeAlias alias="SGKCadDwgVo" type="com.sehyunict.smartgeokit.batch.cad.vo.SGKCadDwgVo"/>
	<typeAlias alias="SGKCadRevVo" type="com.sehyunict.smartgeokit.batch.cad.vo.SGKCadRevVo"/>
	<typeAlias alias="SGKCadIndexVo" type="com.sehyunict.smartgeokit.batch.cad.vo.SGKCadIndexVo"/>
	<typeAlias alias="SGKCompareVo" type="com.sehyunict.smartgeokit.batch.sgk.vo.SGKCompareVo"/>
	
	<resultMap id="SGKJobParseVo" class="SGKJobParseVo">
		<result property="dwgId" column="DWG_ID" />
		<result property="revNo" column="REV_NO" />
		<result property="filePath" column="FILE_PATH" />
		<result property="enableCadYn" column="ENABLE_CAD_YN" />
		<result property="enableTileYn" column="ENABLE_TILE_YN" />
	</resultMap>
	
	<resultMap id="SGKCadDwgVo" class="SGKCadDwgVo">
		<result property="dwgId" column="DWG_ID" />
		<result property="dwgName" column="DWG_NAME" />
		<result property="filePath" column="FILE_PATH" />
		<result property="regDate" column="REG_DATE" />
	</resultMap>

	<select id="selectJobParseData" parameterClass="SGKJobParseVo" resultMap="SGKJobParseVo">
		SELECT
			DWG.DWG_ID,
			REV.REV_NO,
			DWG.FILE_PATH,
			REV.ENABLE_CAD_YN,
			REV.ENABLE_TILE_YN
		FROM
			TB_SGK_CAD_DWG DWG
		INNER JOIN
			TB_SGK_CAD_REV REV
		ON
			DWG.DWG_ID = REV.DWG_ID
		WHERE
			DWG.DWG_ID = #dwgId#
		AND
			REV.REV_NO = #revNo#
	</select>

	<update id="updateCadRev" parameterClass="SGKCadRevVo">
		UPDATE TB_SGK_CAD_REV SET
			UPDATE_DATE = NOW()
			<isNotEmpty prepend="," property="controlPointLBX">
				CONTROL_POINT_LBX = #controlPointLBX#
			</isNotEmpty>
			<isNotEmpty prepend="," property="controlPointLBY">
				CONTROL_POINT_LBY = #controlPointLBY#
			</isNotEmpty>
			<isNotEmpty prepend="," property="controlPointRTX">
				CONTROL_POINT_RTX = #controlPointRTX#
			</isNotEmpty>
			<isNotEmpty prepend="," property="controlPointRTY">
				CONTROL_POINT_RTY = #controlPointRTY#
			</isNotEmpty>
		WHERE DWG_ID = #dwgId#
			AND REV_NO = #revNo#
	</update>
	
	<select id="selectCadDwg" parameterClass="String" resultMap="SGKCadDwgVo">
		SELECT DWG_ID, DWG_NAME, FILE_PATH, REG_DATE
		FROM TB_SGK_CAD_DWG
		WHERE DWG_ID = #dwgId#
	</select>

	<insert id="insertCompare" parameterClass="SGKCompareVo">
		INSERT INTO TB_SGK_CAD_COMPARE (
			DWG_ID
			,UP_REV_NO
			,LOW_REV_NO
			,CHANGE_RATE
			,UP_INDEX_CNT
			,UP_BLOCK_CNT
			,LOW_INDEX_CNT
			,LOW_BLOCK_CNT
			,REG_DATE
		) VALUES (
			#dwgId#
			,#upRevNo#
			,#lowRevNo#
			,#changeRate#
			,#upIndexCnt#
			,#upBlockCnt#
			,#lowIndexCnt#
			,#lowBlockCnt#
			,#regDate#
		)
	</insert>

</sqlMap>