<?xml version="1.0" encoding="UTF-8"?>
<!DOCTYPE sqlMap PUBLIC "-//iBATIS.com//DTD SQL Map 2.0//EN" "http://www.ibatis.com/dtd/sql-map-2.dtd">
<sqlMap namespace="sgk_execute">

	<typeAlias alias="SGKJobVo" type="com.sehyunict.smartgeokit.batch.sgk.vo.SGKJobVo"/>
	<typeAlias alias="SGKJobStepVo" type="com.sehyunict.smartgeokit.batch.sgk.vo.SGKJobStepVo"/>
	<typeAlias alias="SGKExecuteVo" type="com.sehyunict.smartgeokit.batch.sgk.vo.SGKExecuteVo"/>
	<typeAlias alias="SGKQueueVo" type="com.sehyunict.smartgeokit.batch.sgk.vo.SGKQueueVo"/>
	<typeAlias alias="SGKHistoryVo" type="com.sehyunict.smartgeokit.batch.sgk.vo.SGKHistoryVo"/>
	<typeAlias alias="SGKHistoryFailVo" type="com.sehyunict.smartgeokit.batch.sgk.vo.SGKHistoryFailVo"/>
	<typeAlias alias="SGKErrorCodeVo" type="com.sehyunict.smartgeokit.batch.sgk.vo.SGKErrorCodeVo"/>

	<resultMap id="SGKJobVo" class="SGKJobVo">
		<result property="jobId" column="JOB_ID" />
		<result property="jobName" column="JOB_NAME" />
		<result property="jobDesc" column="JOB_DESC" />
		<result property="totalStepCount" column="TOTAL_STEP_COUNT" />
	</resultMap>

	<resultMap id="SGKJobStepVo" class="SGKJobStepVo">
		<result property="jobId" column="JOB_ID" />
		<result property="stepSeq" column="STEP_SEQ" />
		<result property="stepDesc" column="STEP_DESC" />
		<result property="stepMappingError" column="STEP_MAPPING_ERROR" />
	</resultMap>

	<resultMap id="SGKExecuteVo" class="SGKExecuteVo">
		<result property="queueSeq" column="QUEUE_SEQ" />
		<result property="jobId" column="JOB_ID" />
		<result property="stepSeq" column="STEP_SEQ" />
		<result property="jobData" column="JOB_DATA" />
		<result property="targetServer" column="TARGET_SERVER" />
		<result property="regDate" column="REG_DATE" />
		<result property="updateDate" column="UPDATE_DATE" />
	</resultMap>

	<resultMap id="SGKQueueVo" class="SGKQueueVo">
		<result property="queueSeq" column="QUEUE_SEQ" />
		<result property="jobId" column="JOB_ID" />
		<result property="jobData" column="JOB_DATA" />
		<result property="regDate" column="REG_DATE" />
	</resultMap>

	<resultMap id="SGKHistoryVo" class="SGKHistoryVo">
		<result property="queueSeq" column="QUEUE_SEQ" />
		<result property="jobId" column="JOB_ID" />
		<result property="stepSeq" column="STEP_SEQ" />
		<result property="jobData" column="JOB_DATA" />
		<result property="targetServer" column="TARGET_SERVER" />
		<result property="result" column="RESULT" />
		<result property="startDate" column="START_DATE" />
		<result property="endDate" column="END_DATE" />
		<result property="regDate" column="REG_DATE" />
	</resultMap>

	<resultMap id="SGKErrorCodeVo" class="SGKErrorCodeVo">
		<result property="errorCode" column="ERROR_CODE" />
		<result property="errorCodeName" column="ERROR_CODE_NAME" />
		<result property="jobStepMapping" column="JOB_STEP_MAPPING" />
	</resultMap>




	<!-- execute -->
	<select id="selectStepList" resultMap="SGKJobStepVo">
		SELECT * FROM TB_SGK_JOB_STEP
	</select>

	<select id="selectJobList" resultMap="SGKJobVo">
		SELECT
			JOB_ID,
			JOB_NAME,
			JOB_DESC,
			(SELECT COUNT(*) FROM TB_SGK_JOB_STEP WHERE JOB_ID=TB_SGK_JOB.JOB_ID) AS TOTAL_STEP_COUNT
		FROM TB_SGK_JOB
	</select>

	<delete id="deleteExecute" parameterClass="Integer">
		DELETE FROM TB_SGK_JOB_EXECUTE WHERE QUEUE_SEQ = #queueSeq#
	</delete>

	<delete id="deleteExecuteByHasntNext">
		DELETE
		FROM
			TB_SGK_JOB_EXECUTE
		WHERE QUEUE_SEQ IN (
			SELECT
				*
			FROM
			(
				SELECT 
					QUEUE_SEQ
				FROM
					TB_SGK_JOB_EXECUTE EXE
				WHERE QUEUE_SEQ = #queueSeq#
					AND NOT EXISTS
						(
							SELECT 
								*
							FROM
								TB_SGK_JOB_STEP
							WHERE
								JOB_ID = EXE.JOB_ID
							AND
								STEP_SEQ = (EXE.STEP_SEQ+1)
						)
			) AS TMP
		)
	</delete>

	<update id="updateExecuteStepByHasNext" parameterClass="SGKExecuteVo">
		UPDATE 
			TB_SGK_JOB_EXECUTE
		SET
			STEP_SEQ = STEP_SEQ + 1,
			UPDATE_DATE = #updateDate#
		WHERE
			QUEUE_SEQ = #queueSeq#
	</update>

	<insert id="insertExecute" parameterClass="SGKExecuteVo">
		INSERT
		INTO
			TB_SGK_JOB_EXECUTE
		(
			QUEUE_SEQ, JOB_ID, STEP_SEQ, JOB_DATA, TARGET_SERVER, REG_DATE, UPDATE_DATE
		)
		VALUES
		(
			#queueSeq#, #jobId#, #stepSeq#, #jobData#, #targetServer#, #regDate#, #updateDate#
		)
	</insert>

	<select id="selectExecuteListCount" parameterClass="String" resultClass="Integer">
		SELECT
			COUNT(*)
		FROM
			TB_SGK_JOB_EXECUTE
		WHERE
			TARGET_SERVER = #targetServer#
	</select>

	<select id="selectExecuteList" parameterClass="String" resultMap="SGKExecuteVo">
		SELECT
			*
		FROM
			TB_SGK_JOB_EXECUTE
		WHERE
			TARGET_SERVER = #targetServer#
	</select>

	<select id="selectExecuteByQueueSeq" parameterClass="Integer" resultMap="SGKExecuteVo">
		SELECT
			*
		FROM
			TB_SGK_JOB_EXECUTE
		WHERE
			QUEUE_SEQ = #queueSeq#
	</select>

	<delete id="deleteMonitor">
		DELETE FROM
			TB_SGK_JOB_MONITOR
		WHERE
			QUEUE_SEQ NOT IN (SELECT QUEUE_SEQ FROM TB_SGK_JOB_EXECUTE)
		AND
			END_DATE <![CDATA[<=]]> SUBDATE(NOW(), INTERVAL 1 HOUR)
	</delete>




	<!-- queue -->
	<delete id="deleteQueue" parameterClass="Integer">
		DELETE FROM TB_SGK_JOB_QUEUE WHERE QUEUE_SEQ = #queueSeq#
	</delete>

	<select id="selectMoveQueueList" parameterClass="Map" resultMap="SGKQueueVo">
	<![CDATA[
		SELECT 
			QUEUE_SEQ,
			JOB_ID,
			JOB_DATA,
			REG_DATE
		FROM
			(
				SELECT 
					QUEUE_SEQ,
					JOB_ID,
					JOB_DATA,
					REG_DATE,
					@ROWNUM:=@ROWNUM+1 AS RN
				FROM
					TB_SGK_JOB_QUEUE,
					(SELECT @ROWNUM:=-1) AS TMP
				ORDER BY
					QUEUE_SEQ
			) QUEUE
		WHERE
			RN < #moveCount#
	]]>
	</select>

	<!-- history -->
	<insert id="insertHistory" parameterClass="SGKHistoryVo">
		INSERT
		INTO
			TB_SGK_JOB_HISTORY(
				QUEUE_SEQ,
				JOB_ID,
				STEP_SEQ,
				JOB_DATA,
				TARGET_SERVER,
				START_DATE,
				REG_DATE
			)(
				SELECT
					QUEUE_SEQ,
					JOB_ID,
					STEP_SEQ,
					JOB_DATA,
					TARGET_SERVER,
					#startDate# AS START_DATE,
					#regDate# AS REG_DATE
				FROM
					TB_SGK_JOB_EXECUTE
				WHERE
					QUEUE_SEQ = #queueSeq#
			)
	</insert>

	<insert id="insertHistoryFail" parameterClass="SGKHistoryFailVo">
		INSERT
		INTO
			TB_SGK_JOB_HISTORY_FAIL(
				QUEUE_SEQ,
				JOB_ID,
				STEP_SEQ,
				<isNotNull property="errorCode">ERROR_CODE,</isNotNull>
				FAIL_LOG
			) VALUES (
				#queueSeq#,
				#jobId#,
				#stepSeq#,
				<isNotNull property="errorCode">#errorCode#,</isNotNull>
				#failLog#
			)
	</insert>

	<update id="updateHistory" parameterClass="SGKHistoryVo">
		UPDATE
			TB_SGK_JOB_HISTORY
		SET
			QUEUE_SEQ = QUEUE_SEQ
			<isNotNull property="result">, RESULT = #result#</isNotNull>
			<isNotNull property="startDate">, START_DATE = #startDate#</isNotNull>
			<isNotNull property="endDate">, END_DATE = #endDate#</isNotNull>
		WHERE
			QUEUE_SEQ = #queueSeq#
		AND
			JOB_ID = #jobId#
		AND
			STEP_SEQ = #stepSeq#
	</update>

	<!-- Transaction -->
	<update id="lockQueueTable">
		LOCK TABLE TB_SGK_JOB_QUEUE WRITE
	</update>

	<update id="unlockQueueTable">
		UNLOCK TABLES
	</update>
</sqlMap>