<?xml version="1.0" encoding="UTF-8"?>
<beans xmlns="http://www.springframework.org/schema/beans"
	xmlns:xsi="http://www.w3.org/2001/XMLSchema-instance"
	xsi:schemaLocation="http://www.springframework.org/schema/beans http://www.springframework.org/schema/beans/spring-beans.xsd">
	
	<!-- Root Context: defines shared resources visible to all other web components -->
		
	<bean id="dataSource" class="org.apache.commons.dbcp.BasicDataSource" destroy-method="close">
		<property name="driverClassName" value="#{sgkDataSource['DRIVER_CLASS_NAME']}" />
		<property name="url" value="#{sgkDataSource['URL']}" />
		<property name="username" value="#{sgkDataSource['USERNAME']}" />
		<property name="password" value="#{sgkDataSource['PASSWORD']}" />
	</bean>
	<bean id="sqlMapClient" class="org.springframework.orm.ibatis.SqlMapClientFactoryBean">
		<property name="configLocation" value="classpath:/sqlmap/sql-map-config.xml"/>
		<property name="dataSource" ref="dataSource"/>
	</bean>

</beans>
